7ME0-D1,ranked,ranked_0,0.449
7ME0-D1,Mod-5ranked,Mod-5ranked_unsupervised_0,0.790
7ME0-D1,Modalpha_2best_unsupervised,Mod-2best_unsupervised_0,0.489
7ME0-D1,ranked,ranked_1,0.443
7ME0-D1,Mod-5ranked,Mod-5ranked_unsupervised_1,0.903
7ME0-D1,Modalpha_2best_unsupervised,Mod-2best_unsupervised_1,0.497
7ME0-D1,ranked,ranked_2,0.964
7ME0-D1,Mod-5ranked,Mod-5ranked_unsupervised_2,0.880
7ME0-D1,Modalpha_2best_unsupervised,Mod-2best_unsupervised_2,0.523
7ME0-D1,ranked,ranked_3,1.019
7ME0-D1,Mod-5ranked,Mod-5ranked_unsupervised_3,0.866
7ME0-D1,Modalpha_2best_unsupervised,Mod-2best_unsupervised_3,0.496
7ME0-D1,ranked,ranked_4,0.996
7ME0-D1,Mod-5ranked,Mod-5ranked_unsupervised_4,0.797
7ME0-D1,Modalpha_2best_unsupervised,Mod-2best_unsupervised_4,0.467
